mode,right_mean,right_std,left_mean,left_std
Anti-phase Congruent,12497.370535000266,6311.926331758211,11705.422383630648,5554.893551347124
Anti-phase Mirrored,12128.451308378342,6306.3558515109435,11537.531692872119,5678.783260680003
In-phase Congruent,19896.611053868404,11506.908352950524,17469.371490343678,12407.361305003295
In-phase Mirrored,15254.664359959004,12795.139153320555,13725.72192622483,10923.248590955112
